,CO2,CH4,N2O,HC,NOx,VOC,SO2,OC,BC,NH3
CO2,1.0,0.01469145519046432,0.0,0.0002511580351380951,-0.0,0.15781336345773955,-0.0,-0.0,0.0,-0.0
CH4_lifetime,0.0,0.7069486509777299,-0.14950927404857384,-0.24094065874750123,1.4257373155967932,0.368951844029011,-0.0,-0.0,0.0,-0.0
Strat_H2O,0.0,0.04185820024010864,0.0,0.0,-0.0,0.0,-0.0,-0.0,0.0,-0.0
Aerosol,0.0,-0.002221212150215213,-0.008689586406396124,-0.03822923696489083,0.0343873004883002,-0.005842959229790469,0.2497063692650894,0.34508118983786384,1.3463824565156963,1.0
Cloud,0.0,0.01542128230129492,0.17667684375688622,-0.08241259465465556,0.054241953873617216,0.020175164835569442,0.7502936307349106,0.6549188101621363,-0.34638245651569644,-0.0
O3,0.0,0.2233016234406173,0.10859178875766393,-0.7665960013215726,-0.5143665699587104,0.45890258690747043,-0.0,-0.0,0.0,-0.0
HC,0.0,0.0,0.0,1.9397594267705422,-0.0,0.0,-0.0,-0.0,0.0,-0.0
N2O,0.0,0.0,0.8729302279404199,0.0,-0.0,0.0,-0.0,-0.0,0.0,-0.0
HFCs,0.0,0.0,0.0,0.18816790688293983,-0.0,0.0,-0.0,-0.0,0.0,-0.0
