,CO2,CH4,N2O,HC,NOx,VOC,SO2,OC,BC,NH3
CO2,1.0,0.014559182581921208,0.0,0.0002562766697003494,-0.0,0.15512373187109732,-0.0,-0.0,0.0,-0.0
CH4_lifetime,0.0,0.7005837306237823,-0.1522146679439866,-0.24585106180364602,1.3309310671711705,0.3626637546561736,-0.0,-0.0,0.0,-0.0
Strat_H2O,0.0,0.04148133537118298,0.0,0.0,-0.0,0.0,-0.0,-0.0,0.0,-0.0
Aerosol,0.0,-0.002860645883323843,-0.011497127831967002,-0.05069434393207884,0.04171728266658508,-0.0074639583336871705,0.24702938878919517,0.34184759713659735,1.8898466791497648,1.0
Cloud,0.0,0.014622170718341999,0.17210250402663785,-0.08045902538892917,0.04844740908294432,0.01897451767094163,0.7529706112108049,0.6581524028634026,-0.8898466791497648,-0.0
O3,0.0,0.23161422658809533,0.10288325365049768,-0.7945466246796796,-0.4210957589206999,0.4707019541354746,-0.0,-0.0,0.0,-0.0
HC,0.0,0.0,0.0,1.9792919849818178,-0.0,0.0,-0.0,-0.0,0.0,-0.0
N2O,0.0,0.0,0.888726038098818,0.0,-0.0,0.0,-0.0,-0.0,0.0,-0.0
HFCs,0.0,0.0,0.0,0.1920027941528155,-0.0,0.0,-0.0,-0.0,0.0,-0.0
