id,C (W yr / m^2 / K),C_d (W yr / m^2 / K),alpha (W / m^2 / K),eta (dimensionless),kappa (W / m^2 / K),d1 (yr),d2 (yr),q1 (K / (W / m^2)),q2 (K / (W / m^2)),efficacy (dimensionless),ecs (K),tcr (K),rf2xCO2 (W / m^2)
recommendation,7.6497892721096346,147.1685934765934,1.31,1.027855508920276,0.8806360314640469,3.424102092311003,285.0034778419114,0.44376772888344707,0.31959104974250885,1.027855508920276,3.0000000000000067,1.801051507167356,3.93
